{"California": 24896.474, "Florida": 25472.30344827585, "Connecticut": 26289.218333333334, "Georgia": 26234.589, "Kansas": 18847.80181818182, "Ohio": 24106.997142857144, "Pennsylvania": 25779.824615384612, "District of Columbia": 25814.685135135136, "Colorado": 20303.19, "Kentucky": 18525.931538461537, "Massachusetts": 23786.286666666667, "South Carolina": 20612.436428571433, "New York": 24154.908571428565, "Oregon": 22239.684, "Michigan": 23518.996363636365, "Hawaii": 21556.985, "Virginia": 24039.787878787873, "Texas": 27263.718222222225, "Missouri": 26933.02086956522, "Arizona": 20186.802083333332, "Delaware": 28844.7825, "North Dakota": 28464.350000000002, "Arkansas": 19912.2825, "Tennessee": 23820.699473684206, "Nevada": 20095.62384615384, "Louisiana": 29613.916363636366, "Idaho": 29427.31125, "North Carolina": 26636.87695652174, "Nebraska": 30222.391000000003, "Alabama": 21936.305769230763, "Oklahoma": 20875.444117647057, "Minnesota": 19524.889090909088, "Iowa": 35417.90222222222, "Montana": 28040.554999999997, "Utah": 21298.54, "New Mexico": 23511.243333333332, "Wisconsin": 25094.217142857146, "Washington": 25220.660999999996, "New Jersey": 24654.296363636364, "Indiana": 25235.17157894737, "Maryland": 19901.50555555556, "West Virginia": 22422.338888888888, "New Hampshire": 24713.3575, "Alaska": 28184.774999999998, "Illinois": 16766.314166666667, "Rhode Island": 30245.989999999998, "South Dakota": 25049.181999999997, "Mississippi": 26712.206666666665}